--------------------------------------------------------
--  File created - pi¹tek-maj-19-2017   
--------------------------------------------------------
--------------------------------------------------------
--  DDL for Table BITWY
--------------------------------------------------------

  CREATE TABLE "TANKSADMIN"."BITWY" 
   (	"ID_BITWY" NUMBER, 
	"ROK" NUMBER, 
	"ZWYCIEZCA" VARCHAR2(20 BYTE)
   ) SEGMENT CREATION IMMEDIATE 
  PCTFREE 10 PCTUSED 40 INITRANS 1 MAXTRANS 255 
 NOCOMPRESS LOGGING
  STORAGE(INITIAL 65536 NEXT 1048576 MINEXTENTS 1 MAXEXTENTS 2147483645
  PCTINCREASE 0 FREELISTS 1 FREELIST GROUPS 1
  BUFFER_POOL DEFAULT FLASH_CACHE DEFAULT CELL_FLASH_CACHE DEFAULT)
  TABLESPACE "USERS" ;
--------------------------------------------------------
--  DDL for Table CZOLGI
--------------------------------------------------------

  CREATE TABLE "TANKSADMIN"."CZOLGI" 
   (	"ID_CZOLGU" NUMBER, 
	"ID_SILNIKA" NUMBER, 
	"ID_UZBROJENIA" NUMBER, 
	"TYP" VARCHAR2(20 BYTE), 
	"LICZBA_ZALOGANTOW" NUMBER, 
	"NACJA" VARCHAR2(20 BYTE), 
	"PANCERZ_PRZOD" NUMBER, 
	"PANCERZ_TYL" NUMBER, 
	"PANCERZ_BOK" NUMBER, 
	"NAZWA" VARCHAR2(30 BYTE)
   ) SEGMENT CREATION IMMEDIATE 
  PCTFREE 10 PCTUSED 40 INITRANS 1 MAXTRANS 255 
 NOCOMPRESS LOGGING
  STORAGE(INITIAL 65536 NEXT 1048576 MINEXTENTS 1 MAXEXTENTS 2147483645
  PCTINCREASE 0 FREELISTS 1 FREELIST GROUPS 1
  BUFFER_POOL DEFAULT FLASH_CACHE DEFAULT CELL_FLASH_CACHE DEFAULT)
  TABLESPACE "USERS" ;
--------------------------------------------------------
--  DDL for Table CZOLGI_W_BITWACH
--------------------------------------------------------

  CREATE TABLE "TANKSADMIN"."CZOLGI_W_BITWACH" 
   (	"ID_CZOLGU" NUMBER, 
	"ID_NACJI" NUMBER
   ) SEGMENT CREATION IMMEDIATE 
  PCTFREE 10 PCTUSED 40 INITRANS 1 MAXTRANS 255 
 NOCOMPRESS LOGGING
  STORAGE(INITIAL 65536 NEXT 1048576 MINEXTENTS 1 MAXEXTENTS 2147483645
  PCTINCREASE 0 FREELISTS 1 FREELIST GROUPS 1
  BUFFER_POOL DEFAULT FLASH_CACHE DEFAULT CELL_FLASH_CACHE DEFAULT)
  TABLESPACE "USERS" ;
--------------------------------------------------------
--  DDL for Table NACJE_BITWY
--------------------------------------------------------

  CREATE TABLE "TANKSADMIN"."NACJE_BITWY" 
   (	"ID_NACJI" NUMBER, 
	"NAZWA" VARCHAR2(20 BYTE), 
	"LICZEBNOSC_POJAZDOW" VARCHAR2(20 BYTE), 
	"LICZEBNOSC_PIECHOTY" VARCHAR2(20 BYTE), 
	"DOWODCA" VARCHAR2(20 BYTE), 
	"STRATY" NUMBER
   ) SEGMENT CREATION IMMEDIATE 
  PCTFREE 10 PCTUSED 40 INITRANS 1 MAXTRANS 255 
 NOCOMPRESS LOGGING
  STORAGE(INITIAL 65536 NEXT 1048576 MINEXTENTS 1 MAXEXTENTS 2147483645
  PCTINCREASE 0 FREELISTS 1 FREELIST GROUPS 1
  BUFFER_POOL DEFAULT FLASH_CACHE DEFAULT CELL_FLASH_CACHE DEFAULT)
  TABLESPACE "USERS" ;
--------------------------------------------------------
--  DDL for Table NACJE_W_BITWACH
--------------------------------------------------------

  CREATE TABLE "TANKSADMIN"."NACJE_W_BITWACH" 
   (	"ID_BITWY" NUMBER, 
	"ID_NACJI" NUMBER
   ) SEGMENT CREATION IMMEDIATE 
  PCTFREE 10 PCTUSED 40 INITRANS 1 MAXTRANS 255 
 NOCOMPRESS LOGGING
  STORAGE(INITIAL 65536 NEXT 1048576 MINEXTENTS 1 MAXEXTENTS 2147483645
  PCTINCREASE 0 FREELISTS 1 FREELIST GROUPS 1
  BUFFER_POOL DEFAULT FLASH_CACHE DEFAULT CELL_FLASH_CACHE DEFAULT)
  TABLESPACE "USERS" ;
--------------------------------------------------------
--  DDL for Table SILNIKI
--------------------------------------------------------

  CREATE TABLE "TANKSADMIN"."SILNIKI" 
   (	"ID_SILNIKA" NUMBER, 
	"MOC" NUMBER, 
	"TYP" VARCHAR2(20 BYTE), 
	"PRODUCENT" VARCHAR2(35 BYTE)
   ) SEGMENT CREATION IMMEDIATE 
  PCTFREE 10 PCTUSED 40 INITRANS 1 MAXTRANS 255 
 NOCOMPRESS LOGGING
  STORAGE(INITIAL 65536 NEXT 1048576 MINEXTENTS 1 MAXEXTENTS 2147483645
  PCTINCREASE 0 FREELISTS 1 FREELIST GROUPS 1
  BUFFER_POOL DEFAULT FLASH_CACHE DEFAULT CELL_FLASH_CACHE DEFAULT)
  TABLESPACE "USERS" ;
--------------------------------------------------------
--  DDL for Table UZBROJENIE
--------------------------------------------------------

  CREATE TABLE "TANKSADMIN"."UZBROJENIE" 
   (	"ID_UZBROJENIA" NUMBER, 
	"CZAS_PRZELADOWANIA" NUMBER, 
	"KALIBER" NUMBER, 
	"POCZATEK_PRODUKCJI" NUMBER, 
	"PENETRACJA" NUMBER
   ) SEGMENT CREATION IMMEDIATE 
  PCTFREE 10 PCTUSED 40 INITRANS 1 MAXTRANS 255 
 NOCOMPRESS LOGGING
  STORAGE(INITIAL 65536 NEXT 1048576 MINEXTENTS 1 MAXEXTENTS 2147483645
  PCTINCREASE 0 FREELISTS 1 FREELIST GROUPS 1
  BUFFER_POOL DEFAULT FLASH_CACHE DEFAULT CELL_FLASH_CACHE DEFAULT)
  TABLESPACE "USERS" ;
REM INSERTING into TANKSADMIN.BITWY
SET DEFINE OFF;
Insert into TANKSADMIN.BITWY (ID_BITWY,ROK,ZWYCIEZCA) values ('2','1945','Chiny');
Insert into TANKSADMIN.BITWY (ID_BITWY,ROK,ZWYCIEZCA) values ('1','1942','USSR');
Insert into TANKSADMIN.BITWY (ID_BITWY,ROK,ZWYCIEZCA) values ('3','1952','USA');
Insert into TANKSADMIN.BITWY (ID_BITWY,ROK,ZWYCIEZCA) values ('4','1949','USSR');
Insert into TANKSADMIN.BITWY (ID_BITWY,ROK,ZWYCIEZCA) values ('5','1942','Japonia');
Insert into TANKSADMIN.BITWY (ID_BITWY,ROK,ZWYCIEZCA) values ('6','1962','USA');
Insert into TANKSADMIN.BITWY (ID_BITWY,ROK,ZWYCIEZCA) values ('7','1921','Niemcy');
Insert into TANKSADMIN.BITWY (ID_BITWY,ROK,ZWYCIEZCA) values ('8','1922','USSR');
Insert into TANKSADMIN.BITWY (ID_BITWY,ROK,ZWYCIEZCA) values ('9','1931','Szwecja');
REM INSERTING into TANKSADMIN.CZOLGI
SET DEFINE OFF;
Insert into TANKSADMIN.CZOLGI (ID_CZOLGU,ID_SILNIKA,ID_UZBROJENIA,TYP,LICZBA_ZALOGANTOW,NACJA,PANCERZ_PRZOD,PANCERZ_TYL,PANCERZ_BOK,NAZWA) values ('3','3','1','Lekki','3','Czechy','14','6','8','K-Housenka');
Insert into TANKSADMIN.CZOLGI (ID_CZOLGU,ID_SILNIKA,ID_UZBROJENIA,TYP,LICZBA_ZALOGANTOW,NACJA,PANCERZ_PRZOD,PANCERZ_TYL,PANCERZ_BOK,NAZWA) values ('4','4','3','Lekki','3','USA','10','6','6','T1 Cunningham');
Insert into TANKSADMIN.CZOLGI (ID_CZOLGU,ID_SILNIKA,ID_UZBROJENIA,TYP,LICZBA_ZALOGANTOW,NACJA,PANCERZ_PRZOD,PANCERZ_TYL,PANCERZ_BOK,NAZWA) values ('5','5','4','Lekki','5','Szwecja','14','14','14','Strv fm/21');
Insert into TANKSADMIN.CZOLGI (ID_CZOLGU,ID_SILNIKA,ID_UZBROJENIA,TYP,LICZBA_ZALOGANTOW,NACJA,PANCERZ_PRZOD,PANCERZ_TYL,PANCERZ_BOK,NAZWA) values ('6','6','1','Lekki','2','Japonia','30','22','30','Renault Otsu');
Insert into TANKSADMIN.CZOLGI (ID_CZOLGU,ID_SILNIKA,ID_UZBROJENIA,TYP,LICZBA_ZALOGANTOW,NACJA,PANCERZ_PRZOD,PANCERZ_TYL,PANCERZ_BOK,NAZWA) values ('7','6','1','Lekki','2','Chiny','16','16','16','Renault NC-31');
Insert into TANKSADMIN.CZOLGI (ID_CZOLGU,ID_SILNIKA,ID_UZBROJENIA,TYP,LICZBA_ZALOGANTOW,NACJA,PANCERZ_PRZOD,PANCERZ_TYL,PANCERZ_BOK,NAZWA) values ('8','7','4','Lekki','2','Francja','16','16','16','Renault FT');
Insert into TANKSADMIN.CZOLGI (ID_CZOLGU,ID_SILNIKA,ID_UZBROJENIA,TYP,LICZBA_ZALOGANTOW,NACJA,PANCERZ_PRZOD,PANCERZ_TYL,PANCERZ_BOK,NAZWA) values ('9','8','5','Sredni','5','Wielka Brytania','6','6','6','Vickers Medium Mk. I');
Insert into TANKSADMIN.CZOLGI (ID_CZOLGU,ID_SILNIKA,ID_UZBROJENIA,TYP,LICZBA_ZALOGANTOW,NACJA,PANCERZ_PRZOD,PANCERZ_TYL,PANCERZ_BOK,NAZWA) values ('10','9','2','Lekki','3','USSR','15','10','13','BT-2');
Insert into TANKSADMIN.CZOLGI (ID_CZOLGU,ID_SILNIKA,ID_UZBROJENIA,TYP,LICZBA_ZALOGANTOW,NACJA,PANCERZ_PRZOD,PANCERZ_TYL,PANCERZ_BOK,NAZWA) values ('11','10','2','Lekki','6','Wielka Brytania','14','10','10','Cruiser Mk. I');
Insert into TANKSADMIN.CZOLGI (ID_CZOLGU,ID_SILNIKA,ID_UZBROJENIA,TYP,LICZBA_ZALOGANTOW,NACJA,PANCERZ_PRZOD,PANCERZ_TYL,PANCERZ_BOK,NAZWA) values ('1','1','1','Lekki','2','Japonia','16','16','16','MS-1');
Insert into TANKSADMIN.CZOLGI (ID_CZOLGU,ID_SILNIKA,ID_UZBROJENIA,TYP,LICZBA_ZALOGANTOW,NACJA,PANCERZ_PRZOD,PANCERZ_TYL,PANCERZ_BOK,NAZWA) values ('12','11','5','Lekki','3','Francja','30','30','30','D1');
Insert into TANKSADMIN.CZOLGI (ID_CZOLGU,ID_SILNIKA,ID_UZBROJENIA,TYP,LICZBA_ZALOGANTOW,NACJA,PANCERZ_PRZOD,PANCERZ_TYL,PANCERZ_BOK,NAZWA) values ('13','12','6','Lekki','4','USA','38','25','25','M2 Light Tank');
Insert into TANKSADMIN.CZOLGI (ID_CZOLGU,ID_SILNIKA,ID_UZBROJENIA,TYP,LICZBA_ZALOGANTOW,NACJA,PANCERZ_PRZOD,PANCERZ_TYL,PANCERZ_BOK,NAZWA) values ('14','13','5','Lekki','3','Niemcy','30','15','20','Pz.Kpfw. II');
Insert into TANKSADMIN.CZOLGI (ID_CZOLGU,ID_SILNIKA,ID_UZBROJENIA,TYP,LICZBA_ZALOGANTOW,NACJA,PANCERZ_PRZOD,PANCERZ_TYL,PANCERZ_BOK,NAZWA) values ('15','14','7','Sredni','3','Japonia','25','10','12','Chi-Ni');
Insert into TANKSADMIN.CZOLGI (ID_CZOLGU,ID_SILNIKA,ID_UZBROJENIA,TYP,LICZBA_ZALOGANTOW,NACJA,PANCERZ_PRZOD,PANCERZ_TYL,PANCERZ_BOK,NAZWA) values ('16','15','5','Sredni','3','USA','22','22','22','T2 Medium Tank');
Insert into TANKSADMIN.CZOLGI (ID_CZOLGU,ID_SILNIKA,ID_UZBROJENIA,TYP,LICZBA_ZALOGANTOW,NACJA,PANCERZ_PRZOD,PANCERZ_TYL,PANCERZ_BOK,NAZWA) values ('17','16','8','Ciezki','5','Japonia','20','15','0','Type 91 Heavy');
Insert into TANKSADMIN.CZOLGI (ID_CZOLGU,ID_SILNIKA,ID_UZBROJENIA,TYP,LICZBA_ZALOGANTOW,NACJA,PANCERZ_PRZOD,PANCERZ_TYL,PANCERZ_BOK,NAZWA) values ('18','17','9','Sredni','4','Francja','40','30','30','SARL 42');
Insert into TANKSADMIN.CZOLGI (ID_CZOLGU,ID_SILNIKA,ID_UZBROJENIA,TYP,LICZBA_ZALOGANTOW,NACJA,PANCERZ_PRZOD,PANCERZ_TYL,PANCERZ_BOK,NAZWA) values ('19','18','10','Sredni','5','USA','50','38','38','M4 Sherman');
Insert into TANKSADMIN.CZOLGI (ID_CZOLGU,ID_SILNIKA,ID_UZBROJENIA,TYP,LICZBA_ZALOGANTOW,NACJA,PANCERZ_PRZOD,PANCERZ_TYL,PANCERZ_BOK,NAZWA) values ('2','2','2','Lekki','2','Niemcy','14','14','14','Leichttraktor');
REM INSERTING into TANKSADMIN.CZOLGI_W_BITWACH
SET DEFINE OFF;
Insert into TANKSADMIN.CZOLGI_W_BITWACH (ID_CZOLGU,ID_NACJI) values ('1','3');
Insert into TANKSADMIN.CZOLGI_W_BITWACH (ID_CZOLGU,ID_NACJI) values ('2','9');
Insert into TANKSADMIN.CZOLGI_W_BITWACH (ID_CZOLGU,ID_NACJI) values ('3','8');
Insert into TANKSADMIN.CZOLGI_W_BITWACH (ID_CZOLGU,ID_NACJI) values ('4','2');
Insert into TANKSADMIN.CZOLGI_W_BITWACH (ID_CZOLGU,ID_NACJI) values ('5','4');
Insert into TANKSADMIN.CZOLGI_W_BITWACH (ID_CZOLGU,ID_NACJI) values ('6','3');
Insert into TANKSADMIN.CZOLGI_W_BITWACH (ID_CZOLGU,ID_NACJI) values ('7','5');
Insert into TANKSADMIN.CZOLGI_W_BITWACH (ID_CZOLGU,ID_NACJI) values ('8','7');
Insert into TANKSADMIN.CZOLGI_W_BITWACH (ID_CZOLGU,ID_NACJI) values ('9','6');
Insert into TANKSADMIN.CZOLGI_W_BITWACH (ID_CZOLGU,ID_NACJI) values ('10','1');
Insert into TANKSADMIN.CZOLGI_W_BITWACH (ID_CZOLGU,ID_NACJI) values ('11','6');
Insert into TANKSADMIN.CZOLGI_W_BITWACH (ID_CZOLGU,ID_NACJI) values ('12','7');
Insert into TANKSADMIN.CZOLGI_W_BITWACH (ID_CZOLGU,ID_NACJI) values ('13','2');
Insert into TANKSADMIN.CZOLGI_W_BITWACH (ID_CZOLGU,ID_NACJI) values ('14','9');
Insert into TANKSADMIN.CZOLGI_W_BITWACH (ID_CZOLGU,ID_NACJI) values ('15','3');
Insert into TANKSADMIN.CZOLGI_W_BITWACH (ID_CZOLGU,ID_NACJI) values ('16','2');
Insert into TANKSADMIN.CZOLGI_W_BITWACH (ID_CZOLGU,ID_NACJI) values ('17','3');
Insert into TANKSADMIN.CZOLGI_W_BITWACH (ID_CZOLGU,ID_NACJI) values ('18','7');
Insert into TANKSADMIN.CZOLGI_W_BITWACH (ID_CZOLGU,ID_NACJI) values ('19','2');
Insert into TANKSADMIN.CZOLGI_W_BITWACH (ID_CZOLGU,ID_NACJI) values ('1','6');
Insert into TANKSADMIN.CZOLGI_W_BITWACH (ID_CZOLGU,ID_NACJI) values ('3','6');
Insert into TANKSADMIN.CZOLGI_W_BITWACH (ID_CZOLGU,ID_NACJI) values ('3','7');
Insert into TANKSADMIN.CZOLGI_W_BITWACH (ID_CZOLGU,ID_NACJI) values ('7','7');
Insert into TANKSADMIN.CZOLGI_W_BITWACH (ID_CZOLGU,ID_NACJI) values ('5','7');
Insert into TANKSADMIN.CZOLGI_W_BITWACH (ID_CZOLGU,ID_NACJI) values ('15','7');
Insert into TANKSADMIN.CZOLGI_W_BITWACH (ID_CZOLGU,ID_NACJI) values ('19','9');
Insert into TANKSADMIN.CZOLGI_W_BITWACH (ID_CZOLGU,ID_NACJI) values ('1','1');
REM INSERTING into TANKSADMIN.NACJE_BITWY
SET DEFINE OFF;
Insert into TANKSADMIN.NACJE_BITWY (ID_NACJI,NAZWA,LICZEBNOSC_POJAZDOW,LICZEBNOSC_PIECHOTY,DOWODCA,STRATY) values ('1','USSR','120','120','Vladimir Ibrahimovic','100');
Insert into TANKSADMIN.NACJE_BITWY (ID_NACJI,NAZWA,LICZEBNOSC_POJAZDOW,LICZEBNOSC_PIECHOTY,DOWODCA,STRATY) values ('2','USA','60','400','Michael Johnspn','450');
Insert into TANKSADMIN.NACJE_BITWY (ID_NACJI,NAZWA,LICZEBNOSC_POJAZDOW,LICZEBNOSC_PIECHOTY,DOWODCA,STRATY) values ('3','Japonia','40','50','Toshiba Yokosuke','20');
Insert into TANKSADMIN.NACJE_BITWY (ID_NACJI,NAZWA,LICZEBNOSC_POJAZDOW,LICZEBNOSC_PIECHOTY,DOWODCA,STRATY) values ('4','Szwecja','15','200','Felix Rossnan','120');
Insert into TANKSADMIN.NACJE_BITWY (ID_NACJI,NAZWA,LICZEBNOSC_POJAZDOW,LICZEBNOSC_PIECHOTY,DOWODCA,STRATY) values ('5','Chiny','35','400','Daifu Manasuba','300');
Insert into TANKSADMIN.NACJE_BITWY (ID_NACJI,NAZWA,LICZEBNOSC_POJAZDOW,LICZEBNOSC_PIECHOTY,DOWODCA,STRATY) values ('6','Wielka Brytania','300','1200','John McMillan','700');
Insert into TANKSADMIN.NACJE_BITWY (ID_NACJI,NAZWA,LICZEBNOSC_POJAZDOW,LICZEBNOSC_PIECHOTY,DOWODCA,STRATY) values ('7','Francja','400','1242','Pierre Violin','900');
Insert into TANKSADMIN.NACJE_BITWY (ID_NACJI,NAZWA,LICZEBNOSC_POJAZDOW,LICZEBNOSC_PIECHOTY,DOWODCA,STRATY) values ('8','Czechy','250','1000','Vladimir Pecko','500');
Insert into TANKSADMIN.NACJE_BITWY (ID_NACJI,NAZWA,LICZEBNOSC_POJAZDOW,LICZEBNOSC_PIECHOTY,DOWODCA,STRATY) values ('9','Niemcy','900','6000','Raymund Herrtziger','4200');
REM INSERTING into TANKSADMIN.NACJE_W_BITWACH
SET DEFINE OFF;
Insert into TANKSADMIN.NACJE_W_BITWACH (ID_BITWY,ID_NACJI) values ('3','2');
Insert into TANKSADMIN.NACJE_W_BITWACH (ID_BITWY,ID_NACJI) values ('1','1');
Insert into TANKSADMIN.NACJE_W_BITWACH (ID_BITWY,ID_NACJI) values ('1','5');
Insert into TANKSADMIN.NACJE_W_BITWACH (ID_BITWY,ID_NACJI) values ('9','6');
Insert into TANKSADMIN.NACJE_W_BITWACH (ID_BITWY,ID_NACJI) values ('5','6');
Insert into TANKSADMIN.NACJE_W_BITWACH (ID_BITWY,ID_NACJI) values ('2','6');
Insert into TANKSADMIN.NACJE_W_BITWACH (ID_BITWY,ID_NACJI) values ('5','4');
Insert into TANKSADMIN.NACJE_W_BITWACH (ID_BITWY,ID_NACJI) values ('1','4');
Insert into TANKSADMIN.NACJE_W_BITWACH (ID_BITWY,ID_NACJI) values ('8','4');
Insert into TANKSADMIN.NACJE_W_BITWACH (ID_BITWY,ID_NACJI) values ('3','4');
Insert into TANKSADMIN.NACJE_W_BITWACH (ID_BITWY,ID_NACJI) values ('9','3');
Insert into TANKSADMIN.NACJE_W_BITWACH (ID_BITWY,ID_NACJI) values ('9','7');
Insert into TANKSADMIN.NACJE_W_BITWACH (ID_BITWY,ID_NACJI) values ('9','4');
Insert into TANKSADMIN.NACJE_W_BITWACH (ID_BITWY,ID_NACJI) values ('7','7');
Insert into TANKSADMIN.NACJE_W_BITWACH (ID_BITWY,ID_NACJI) values ('7','3');
Insert into TANKSADMIN.NACJE_W_BITWACH (ID_BITWY,ID_NACJI) values ('7','5');
Insert into TANKSADMIN.NACJE_W_BITWACH (ID_BITWY,ID_NACJI) values ('7','1');
Insert into TANKSADMIN.NACJE_W_BITWACH (ID_BITWY,ID_NACJI) values ('7','9');
REM INSERTING into TANKSADMIN.SILNIKI
SET DEFINE OFF;
Insert into TANKSADMIN.SILNIKI (ID_SILNIKA,MOC,TYP,PRODUCENT) values ('2','85','Diesel','Krupp M311');
Insert into TANKSADMIN.SILNIKI (ID_SILNIKA,MOC,TYP,PRODUCENT) values ('4','132','Benzyna','Cunningham V8');
Insert into TANKSADMIN.SILNIKI (ID_SILNIKA,MOC,TYP,PRODUCENT) values ('5','55','Benzyna','Daimler-Benz m/1910');
Insert into TANKSADMIN.SILNIKI (ID_SILNIKA,MOC,TYP,PRODUCENT) values ('6','75','Benzyna','Mitsubishi A475VD');
Insert into TANKSADMIN.SILNIKI (ID_SILNIKA,MOC,TYP,PRODUCENT) values ('7','39','Diesel','Renault');
Insert into TANKSADMIN.SILNIKI (ID_SILNIKA,MOC,TYP,PRODUCENT) values ('8','90','Benzyna','Armstrong Siddeley V8');
Insert into TANKSADMIN.SILNIKI (ID_SILNIKA,MOC,TYP,PRODUCENT) values ('9','450','Diesel','M-17L');
Insert into TANKSADMIN.SILNIKI (ID_SILNIKA,MOC,TYP,PRODUCENT) values ('10','150','Diesel','AEC Type 179');
Insert into TANKSADMIN.SILNIKI (ID_SILNIKA,MOC,TYP,PRODUCENT) values ('1','60','Benzyna','GAZ');
Insert into TANKSADMIN.SILNIKI (ID_SILNIKA,MOC,TYP,PRODUCENT) values ('11','74','Diesel','Renault S4F');
Insert into TANKSADMIN.SILNIKI (ID_SILNIKA,MOC,TYP,PRODUCENT) values ('12','262','Benzyna','Continental W-670-7');
Insert into TANKSADMIN.SILNIKI (ID_SILNIKA,MOC,TYP,PRODUCENT) values ('13','160','Diesel','Maybach HL 62 TRM');
Insert into TANKSADMIN.SILNIKI (ID_SILNIKA,MOC,TYP,PRODUCENT) values ('14','135','Benzyna','Mitsubishi A6120VDe S');
Insert into TANKSADMIN.SILNIKI (ID_SILNIKA,MOC,TYP,PRODUCENT) values ('15','340','Benzyna','Wright Continental R-975C2');
Insert into TANKSADMIN.SILNIKI (ID_SILNIKA,MOC,TYP,PRODUCENT) values ('16','250','Diesel','BMW IV Kai');
Insert into TANKSADMIN.SILNIKI (ID_SILNIKA,MOC,TYP,PRODUCENT) values ('17','230','Benzyna','Somua V8 Version definitive');
Insert into TANKSADMIN.SILNIKI (ID_SILNIKA,MOC,TYP,PRODUCENT) values ('18','460','Benzyna','Wright Continental R-975C4');
Insert into TANKSADMIN.SILNIKI (ID_SILNIKA,MOC,TYP,PRODUCENT) values ('3','50','Diesel','Hanomag WD-50PS');
REM INSERTING into TANKSADMIN.UZBROJENIE
SET DEFINE OFF;
Insert into TANKSADMIN.UZBROJENIE (ID_UZBROJENIA,CZAS_PRZELADOWANIA,KALIBER,POCZATEK_PRODUKCJI,PENETRACJA) values ('4','1','45','1940','38');
Insert into TANKSADMIN.UZBROJENIE (ID_UZBROJENIA,CZAS_PRZELADOWANIA,KALIBER,POCZATEK_PRODUKCJI,PENETRACJA) values ('5','4','60','1940','57');
Insert into TANKSADMIN.UZBROJENIE (ID_UZBROJENIA,CZAS_PRZELADOWANIA,KALIBER,POCZATEK_PRODUKCJI,PENETRACJA) values ('1','3','47','1932','70');
Insert into TANKSADMIN.UZBROJENIE (ID_UZBROJENIA,CZAS_PRZELADOWANIA,KALIBER,POCZATEK_PRODUKCJI,PENETRACJA) values ('3','2','47','1938','53');
Insert into TANKSADMIN.UZBROJENIE (ID_UZBROJENIA,CZAS_PRZELADOWANIA,KALIBER,POCZATEK_PRODUKCJI,PENETRACJA) values ('6','2','47','1941','70');
Insert into TANKSADMIN.UZBROJENIE (ID_UZBROJENIA,CZAS_PRZELADOWANIA,KALIBER,POCZATEK_PRODUKCJI,PENETRACJA) values ('7','3','57','1940','55');
Insert into TANKSADMIN.UZBROJENIE (ID_UZBROJENIA,CZAS_PRZELADOWANIA,KALIBER,POCZATEK_PRODUKCJI,PENETRACJA) values ('8','2','47','1937','122');
Insert into TANKSADMIN.UZBROJENIE (ID_UZBROJENIA,CZAS_PRZELADOWANIA,KALIBER,POCZATEK_PRODUKCJI,PENETRACJA) values ('9','5','75','1942','129');
Insert into TANKSADMIN.UZBROJENIE (ID_UZBROJENIA,CZAS_PRZELADOWANIA,KALIBER,POCZATEK_PRODUKCJI,PENETRACJA) values ('10','9','105','1942','101');
Insert into TANKSADMIN.UZBROJENIE (ID_UZBROJENIA,CZAS_PRZELADOWANIA,KALIBER,POCZATEK_PRODUKCJI,PENETRACJA) values ('2','1','45','1939','74');
--------------------------------------------------------
--  DDL for Index UZBROJENIE_PK
--------------------------------------------------------

  CREATE UNIQUE INDEX "TANKSADMIN"."UZBROJENIE_PK" ON "TANKSADMIN"."UZBROJENIE" ("ID_UZBROJENIA") 
  PCTFREE 10 INITRANS 2 MAXTRANS 255 COMPUTE STATISTICS 
  STORAGE(INITIAL 65536 NEXT 1048576 MINEXTENTS 1 MAXEXTENTS 2147483645
  PCTINCREASE 0 FREELISTS 1 FREELIST GROUPS 1
  BUFFER_POOL DEFAULT FLASH_CACHE DEFAULT CELL_FLASH_CACHE DEFAULT)
  TABLESPACE "USERS" ;
--------------------------------------------------------
--  DDL for Index SILNIKI_PK
--------------------------------------------------------

  CREATE UNIQUE INDEX "TANKSADMIN"."SILNIKI_PK" ON "TANKSADMIN"."SILNIKI" ("ID_SILNIKA") 
  PCTFREE 10 INITRANS 2 MAXTRANS 255 COMPUTE STATISTICS 
  STORAGE(INITIAL 65536 NEXT 1048576 MINEXTENTS 1 MAXEXTENTS 2147483645
  PCTINCREASE 0 FREELISTS 1 FREELIST GROUPS 1
  BUFFER_POOL DEFAULT FLASH_CACHE DEFAULT CELL_FLASH_CACHE DEFAULT)
  TABLESPACE "USERS" ;
--------------------------------------------------------
--  DDL for Index NACJE_BITWY_PK
--------------------------------------------------------

  CREATE UNIQUE INDEX "TANKSADMIN"."NACJE_BITWY_PK" ON "TANKSADMIN"."NACJE_BITWY" ("ID_NACJI") 
  PCTFREE 10 INITRANS 2 MAXTRANS 255 COMPUTE STATISTICS 
  STORAGE(INITIAL 65536 NEXT 1048576 MINEXTENTS 1 MAXEXTENTS 2147483645
  PCTINCREASE 0 FREELISTS 1 FREELIST GROUPS 1
  BUFFER_POOL DEFAULT FLASH_CACHE DEFAULT CELL_FLASH_CACHE DEFAULT)
  TABLESPACE "USERS" ;
--------------------------------------------------------
--  DDL for Index CZOLGI_PK
--------------------------------------------------------

  CREATE UNIQUE INDEX "TANKSADMIN"."CZOLGI_PK" ON "TANKSADMIN"."CZOLGI" ("ID_CZOLGU") 
  PCTFREE 10 INITRANS 2 MAXTRANS 255 COMPUTE STATISTICS 
  STORAGE(INITIAL 65536 NEXT 1048576 MINEXTENTS 1 MAXEXTENTS 2147483645
  PCTINCREASE 0 FREELISTS 1 FREELIST GROUPS 1
  BUFFER_POOL DEFAULT FLASH_CACHE DEFAULT CELL_FLASH_CACHE DEFAULT)
  TABLESPACE "USERS" ;
--------------------------------------------------------
--  DDL for Index BITWY_PK
--------------------------------------------------------

  CREATE UNIQUE INDEX "TANKSADMIN"."BITWY_PK" ON "TANKSADMIN"."BITWY" ("ID_BITWY") 
  PCTFREE 10 INITRANS 2 MAXTRANS 255 COMPUTE STATISTICS 
  STORAGE(INITIAL 65536 NEXT 1048576 MINEXTENTS 1 MAXEXTENTS 2147483645
  PCTINCREASE 0 FREELISTS 1 FREELIST GROUPS 1
  BUFFER_POOL DEFAULT FLASH_CACHE DEFAULT CELL_FLASH_CACHE DEFAULT)
  TABLESPACE "USERS" ;
--------------------------------------------------------
--  Constraints for Table CZOLGI
--------------------------------------------------------

  ALTER TABLE "TANKSADMIN"."CZOLGI" MODIFY ("ID_CZOLGU" NOT NULL ENABLE);
  ALTER TABLE "TANKSADMIN"."CZOLGI" MODIFY ("ID_SILNIKA" NOT NULL ENABLE);
  ALTER TABLE "TANKSADMIN"."CZOLGI" MODIFY ("ID_UZBROJENIA" NOT NULL ENABLE);
  ALTER TABLE "TANKSADMIN"."CZOLGI" MODIFY ("TYP" NOT NULL ENABLE);
  ALTER TABLE "TANKSADMIN"."CZOLGI" MODIFY ("LICZBA_ZALOGANTOW" NOT NULL ENABLE);
  ALTER TABLE "TANKSADMIN"."CZOLGI" MODIFY ("NACJA" NOT NULL ENABLE);
  ALTER TABLE "TANKSADMIN"."CZOLGI" MODIFY ("PANCERZ_PRZOD" NOT NULL ENABLE);
  ALTER TABLE "TANKSADMIN"."CZOLGI" MODIFY ("PANCERZ_TYL" NOT NULL ENABLE);
  ALTER TABLE "TANKSADMIN"."CZOLGI" MODIFY ("PANCERZ_BOK" NOT NULL ENABLE);
  ALTER TABLE "TANKSADMIN"."CZOLGI" ADD CONSTRAINT "CZOLGI_PK" PRIMARY KEY ("ID_CZOLGU")
  USING INDEX PCTFREE 10 INITRANS 2 MAXTRANS 255 COMPUTE STATISTICS 
  STORAGE(INITIAL 65536 NEXT 1048576 MINEXTENTS 1 MAXEXTENTS 2147483645
  PCTINCREASE 0 FREELISTS 1 FREELIST GROUPS 1
  BUFFER_POOL DEFAULT FLASH_CACHE DEFAULT CELL_FLASH_CACHE DEFAULT)
  TABLESPACE "USERS"  ENABLE;
--------------------------------------------------------
--  Constraints for Table NACJE_BITWY
--------------------------------------------------------

  ALTER TABLE "TANKSADMIN"."NACJE_BITWY" MODIFY ("ID_NACJI" NOT NULL ENABLE);
  ALTER TABLE "TANKSADMIN"."NACJE_BITWY" MODIFY ("NAZWA" NOT NULL ENABLE);
  ALTER TABLE "TANKSADMIN"."NACJE_BITWY" MODIFY ("LICZEBNOSC_POJAZDOW" NOT NULL ENABLE);
  ALTER TABLE "TANKSADMIN"."NACJE_BITWY" MODIFY ("LICZEBNOSC_PIECHOTY" NOT NULL ENABLE);
  ALTER TABLE "TANKSADMIN"."NACJE_BITWY" MODIFY ("DOWODCA" NOT NULL ENABLE);
  ALTER TABLE "TANKSADMIN"."NACJE_BITWY" MODIFY ("STRATY" NOT NULL ENABLE);
  ALTER TABLE "TANKSADMIN"."NACJE_BITWY" ADD CONSTRAINT "NACJE_BITWY_PK" PRIMARY KEY ("ID_NACJI")
  USING INDEX PCTFREE 10 INITRANS 2 MAXTRANS 255 COMPUTE STATISTICS 
  STORAGE(INITIAL 65536 NEXT 1048576 MINEXTENTS 1 MAXEXTENTS 2147483645
  PCTINCREASE 0 FREELISTS 1 FREELIST GROUPS 1
  BUFFER_POOL DEFAULT FLASH_CACHE DEFAULT CELL_FLASH_CACHE DEFAULT)
  TABLESPACE "USERS"  ENABLE;
--------------------------------------------------------
--  Constraints for Table NACJE_W_BITWACH
--------------------------------------------------------

  ALTER TABLE "TANKSADMIN"."NACJE_W_BITWACH" MODIFY ("ID_BITWY" NOT NULL ENABLE);
  ALTER TABLE "TANKSADMIN"."NACJE_W_BITWACH" MODIFY ("ID_NACJI" NOT NULL ENABLE);
--------------------------------------------------------
--  Constraints for Table BITWY
--------------------------------------------------------

  ALTER TABLE "TANKSADMIN"."BITWY" MODIFY ("ID_BITWY" NOT NULL ENABLE);
  ALTER TABLE "TANKSADMIN"."BITWY" MODIFY ("ROK" NOT NULL ENABLE);
  ALTER TABLE "TANKSADMIN"."BITWY" MODIFY ("ZWYCIEZCA" NOT NULL ENABLE);
  ALTER TABLE "TANKSADMIN"."BITWY" ADD CONSTRAINT "BITWY_PK" PRIMARY KEY ("ID_BITWY")
  USING INDEX PCTFREE 10 INITRANS 2 MAXTRANS 255 COMPUTE STATISTICS 
  STORAGE(INITIAL 65536 NEXT 1048576 MINEXTENTS 1 MAXEXTENTS 2147483645
  PCTINCREASE 0 FREELISTS 1 FREELIST GROUPS 1
  BUFFER_POOL DEFAULT FLASH_CACHE DEFAULT CELL_FLASH_CACHE DEFAULT)
  TABLESPACE "USERS"  ENABLE;
--------------------------------------------------------
--  Constraints for Table UZBROJENIE
--------------------------------------------------------

  ALTER TABLE "TANKSADMIN"."UZBROJENIE" MODIFY ("ID_UZBROJENIA" NOT NULL ENABLE);
  ALTER TABLE "TANKSADMIN"."UZBROJENIE" MODIFY ("CZAS_PRZELADOWANIA" NOT NULL ENABLE);
  ALTER TABLE "TANKSADMIN"."UZBROJENIE" MODIFY ("KALIBER" NOT NULL ENABLE);
  ALTER TABLE "TANKSADMIN"."UZBROJENIE" MODIFY ("POCZATEK_PRODUKCJI" NOT NULL ENABLE);
  ALTER TABLE "TANKSADMIN"."UZBROJENIE" MODIFY ("PENETRACJA" NOT NULL ENABLE);
  ALTER TABLE "TANKSADMIN"."UZBROJENIE" ADD CONSTRAINT "UZBROJENIE_PK" PRIMARY KEY ("ID_UZBROJENIA")
  USING INDEX PCTFREE 10 INITRANS 2 MAXTRANS 255 COMPUTE STATISTICS 
  STORAGE(INITIAL 65536 NEXT 1048576 MINEXTENTS 1 MAXEXTENTS 2147483645
  PCTINCREASE 0 FREELISTS 1 FREELIST GROUPS 1
  BUFFER_POOL DEFAULT FLASH_CACHE DEFAULT CELL_FLASH_CACHE DEFAULT)
  TABLESPACE "USERS"  ENABLE;
--------------------------------------------------------
--  Constraints for Table SILNIKI
--------------------------------------------------------

  ALTER TABLE "TANKSADMIN"."SILNIKI" MODIFY ("ID_SILNIKA" NOT NULL ENABLE);
  ALTER TABLE "TANKSADMIN"."SILNIKI" MODIFY ("MOC" NOT NULL ENABLE);
  ALTER TABLE "TANKSADMIN"."SILNIKI" MODIFY ("TYP" NOT NULL ENABLE);
  ALTER TABLE "TANKSADMIN"."SILNIKI" MODIFY ("PRODUCENT" NOT NULL ENABLE);
  ALTER TABLE "TANKSADMIN"."SILNIKI" ADD CONSTRAINT "SILNIKI_PK" PRIMARY KEY ("ID_SILNIKA")
  USING INDEX PCTFREE 10 INITRANS 2 MAXTRANS 255 COMPUTE STATISTICS 
  STORAGE(INITIAL 65536 NEXT 1048576 MINEXTENTS 1 MAXEXTENTS 2147483645
  PCTINCREASE 0 FREELISTS 1 FREELIST GROUPS 1
  BUFFER_POOL DEFAULT FLASH_CACHE DEFAULT CELL_FLASH_CACHE DEFAULT)
  TABLESPACE "USERS"  ENABLE;
--------------------------------------------------------
--  Ref Constraints for Table CZOLGI
--------------------------------------------------------

  ALTER TABLE "TANKSADMIN"."CZOLGI" ADD CONSTRAINT "FK_SILNIK" FOREIGN KEY ("ID_SILNIKA")
	  REFERENCES "TANKSADMIN"."SILNIKI" ("ID_SILNIKA") ENABLE;
  ALTER TABLE "TANKSADMIN"."CZOLGI" ADD CONSTRAINT "FK_UZBROJENIE" FOREIGN KEY ("ID_UZBROJENIA")
	  REFERENCES "TANKSADMIN"."UZBROJENIE" ("ID_UZBROJENIA") ENABLE;
--------------------------------------------------------
--  Ref Constraints for Table CZOLGI_W_BITWACH
--------------------------------------------------------

  ALTER TABLE "TANKSADMIN"."CZOLGI_W_BITWACH" ADD CONSTRAINT "FKIDCZOLG" FOREIGN KEY ("ID_CZOLGU")
	  REFERENCES "TANKSADMIN"."CZOLGI" ("ID_CZOLGU") ENABLE;
  ALTER TABLE "TANKSADMIN"."CZOLGI_W_BITWACH" ADD CONSTRAINT "FKIDNACJI" FOREIGN KEY ("ID_NACJI")
	  REFERENCES "TANKSADMIN"."NACJE_BITWY" ("ID_NACJI") ENABLE;
--------------------------------------------------------
--  Ref Constraints for Table NACJE_W_BITWACH
--------------------------------------------------------

  ALTER TABLE "TANKSADMIN"."NACJE_W_BITWACH" ADD CONSTRAINT "FKIDBITWY" FOREIGN KEY ("ID_BITWY")
	  REFERENCES "TANKSADMIN"."BITWY" ("ID_BITWY") ENABLE;
  ALTER TABLE "TANKSADMIN"."NACJE_W_BITWACH" ADD CONSTRAINT "FKIDNACJI2" FOREIGN KEY ("ID_NACJI")
	  REFERENCES "TANKSADMIN"."NACJE_BITWY" ("ID_NACJI") ENABLE;
--------------------------------------------------------
--  DDL for Trigger NIEPRAWIDLOWY_SILNIK
--------------------------------------------------------

  CREATE OR REPLACE EDITIONABLE TRIGGER "TANKSADMIN"."NIEPRAWIDLOWY_SILNIK" 
BEFORE INSERT OR UPDATE
of typ
on silniki
for each row
declare
  v_error VARCHAR2(2000);
begin
  if initcap(:new.typ)!='Benzyna' and initcap(:new.typ)!='Diesel'
    then
      v_error:='Silnik o ID= '||:old.id_silnika||' posiada nieprawidowy typ. Dopuszczalne typy to: Benzyna, Diesel.';
      raise_application_error(-20999,v_error);
    end if;
end;
/
ALTER TRIGGER "TANKSADMIN"."NIEPRAWIDLOWY_SILNIK" ENABLE;
--------------------------------------------------------
--  DDL for Trigger ZBYT_MALY_KALIBER
--------------------------------------------------------

  CREATE OR REPLACE EDITIONABLE TRIGGER "TANKSADMIN"."ZBYT_MALY_KALIBER" 
BEFORE INSERT OR UPDATE
of kaliber
on UZBROJENIE
for each row
declare
  v_error VARCHAR2(2000);
begin
  if :new.kaliber < 45
    then
      v_error:='Dzialo o ID='||:old.id_uzbrojenia||' posiada zbyt maly kaliber, minimum wynosi 45 mm.';
      raise_application_error(-20999,v_error);
    end if;
end;
/
ALTER TRIGGER "TANKSADMIN"."ZBYT_MALY_KALIBER" ENABLE;
--------------------------------------------------------
--  DDL for Function ILE_CZOLGOW_DANEGO_TYPU
--------------------------------------------------------

  CREATE OR REPLACE EDITIONABLE FUNCTION "TANKSADMIN"."ILE_CZOLGOW_DANEGO_TYPU" (DANY_TYP varchar2) RETURN number is
LICZBA_CZOLGOW number;
BEGIN
  Select count(*) into LICZBA_CZOLGOW from CZOLGI where TYP = DANY_TYP;
  Return LICZBA_CZOLGOW;
END ILE_CZOLGOW_DANEGO_TYPU;

/
--------------------------------------------------------
--  DDL for Function MAKS_ID_CZOLGU
--------------------------------------------------------

  CREATE OR REPLACE EDITIONABLE FUNCTION "TANKSADMIN"."MAKS_ID_CZOLGU" RETURN NUMBER IS
id_number NUMBER;
BEGIN
  select max(ID_CZOLGU) into id_number from CZOLGI;
  if id_number is null then
  id_number:=0;
  end if;
  return id_number;
END;

/
--------------------------------------------------------
--  DDL for Function MAKS_ID_SILNIKA
--------------------------------------------------------

  CREATE OR REPLACE EDITIONABLE FUNCTION "TANKSADMIN"."MAKS_ID_SILNIKA" RETURN NUMBER IS
id_number NUMBER;
BEGIN
  select max(ID_SILNIKA) into id_number from SILNIKI;
  if id_number is null then
  id_number:=0;
  end if;
  return id_number;
END;

/
--------------------------------------------------------
--  DDL for Function SREDNI_KALIBER
--------------------------------------------------------

  CREATE OR REPLACE EDITIONABLE FUNCTION "TANKSADMIN"."SREDNI_KALIBER" RETURN number is
z_kaliber uzbrojenie.kaliber%type;
BEGIN
  Select AVG(kaliber) into z_kaliber from uzbrojenie;
  Return z_kaliber;
END SREDNI_KALIBER;

/
--------------------------------------------------------
--  DDL for Procedure DODAJ_NOWY_SILNIK
--------------------------------------------------------
set define off;

  CREATE OR REPLACE EDITIONABLE PROCEDURE "TANKSADMIN"."DODAJ_NOWY_SILNIK" (
  p_Moc  IN      silniki.moc%TYPE,
  p_Typ IN   silniki.typ%TYPE,
  p_Producent IN	  silniki.producent%TYPE,
  p_wynik OUT varchar2) AS
ID number;
id_silnik silniki.id_silnika%type;
BEGIN
  SELECT maks_id_silnika into ID FROM dual;
  id_silnik := 1+ID;
  INSERT INTO silniki (id_silnika, moc,typ,producent) VALUES (id_silnik,p_Moc,p_Typ,p_Producent);
  p_wynik := 'W bazie umieszczono nowy silnik o ID='||id_silnik;
  COMMIT;
EXCEPTION
	WHEN OTHERS THEN p_wynik := 'Wyst¹pi³ b³¹d';
END DODAJ_NOWY_SILNIK;

/
--------------------------------------------------------
--  DDL for Procedure WYSWIETL_NAZWY_CZOLGOW
--------------------------------------------------------
set define off;

  CREATE OR REPLACE EDITIONABLE PROCEDURE "TANKSADMIN"."WYSWIETL_NAZWY_CZOLGOW" is
      cursor allTanks is select * from czolgi;
      currentTank allTanks%ROWTYPE;
  begin
      open allTanks;
      loop
        fetch allTanks into currentTank;
        exit when allTanks%NOTFOUND;
        DBMS_OUTPUT.put_line(currentTank.nazwa);
      end loop;
      close allTanks;
  end;

/
--------------------------------------------------------
--  DDL for Procedure Zwieksz_sily_bitewne
--------------------------------------------------------
set define off;

  CREATE OR REPLACE EDITIONABLE PROCEDURE "TANKSADMIN"."Zwieksz_sily_bitewne" (
  p_Liczebnosc_Pojazdow IN  NACJE_BITWY.liczebnosc_pojazdow%TYPE,
  p_wynik OUT varchar2) AS
BEGIN
  update nacje_bitwy set liczebnosc_pojazdow = (liczebnosc_pojazdow + p_Liczebnosc_Pojazdow);
  p_wynik := 'Zwiekszono oddzialy pancerne o '||p_Liczebnosc_Pojazdow||' pojazdow';
  COMMIT;
EXCEPTION
	WHEN OTHERS THEN p_wynik := 'Wyst¹pi³ b³¹d';
END "Zwieksz_sily_bitewne";

/
